WeekNo,Phase,PhaseOrder
-4,Before start,1
-3,Before start,1
-2,Before start,1
-1,Before start,1
0,Weeks 0-4,2
1,Weeks 0-4,2
2,Weeks 0-4,2
3,Weeks 0-4,2
4,Weeks 0-4,2
5,Weeks 5-12,3
6,Weeks 5-12,3
7,Weeks 5-12,3
8,Weeks 5-12,3
9,Weeks 5-12,3
10,Weeks 5-12,3
11,Weeks 5-12,3
12,Weeks 5-12,3
13,Weeks 13-25,4
14,Weeks 13-25,4
15,Weeks 13-25,4
16,Weeks 13-25,4
17,Weeks 13-25,4
18,Weeks 13-25,4
19,Weeks 13-25,4
20,Weeks 13-25,4
21,Weeks 13-25,4
22,Weeks 13-25,4
23,Weeks 13-25,4
24,Weeks 13-25,4
25,Weeks 13-25,4
26,Weeks 26-38,5
27,Weeks 26-38,5
28,Weeks 26-38,5
29,Weeks 26-38,5
30,Weeks 26-38,5
31,Weeks 26-38,5
32,Weeks 26-38,5
33,Weeks 26-38,5
34,Weeks 26-38,5
35,Weeks 26-38,5
36,Weeks 26-38,5
37,Weeks 26-38,5
38,Weeks 26-38,5
