AssessmentID,AssessmentLabel,AssessmentType,DueDay,DueWeek,Weight
1757,Exam 1,Final exam,268,38,100.0
1752,TMA 1,Tutor-marked,19,2,10.0
1753,TMA 2,Tutor-marked,54,7,20.0
1754,TMA 3,Tutor-marked,117,16,20.0
1755,TMA 4,Tutor-marked,166,23,20.0
1756,TMA 5,Tutor-marked,215,30,30.0
1763,Exam 1,Final exam,269,38,100.0
1758,TMA 1,Tutor-marked,19,2,10.0
1759,TMA 2,Tutor-marked,54,7,20.0
1760,TMA 3,Tutor-marked,117,16,20.0
1761,TMA 4,Tutor-marked,166,23,20.0
1762,TMA 5,Tutor-marked,215,30,30.0
14991,CMA 1,Computer-marked,54,7,1.0
14992,CMA 2,Computer-marked,89,12,1.0
14993,CMA 3,Computer-marked,124,17,1.0
14994,CMA 4,Computer-marked,159,22,1.0
14995,CMA 5,Computer-marked,187,26,1.0
14990,Exam 1,Final exam,240,34,100.0
14984,TMA 1,Tutor-marked,19,2,5.0
14985,TMA 2,Tutor-marked,47,6,18.0
14986,TMA 3,Tutor-marked,89,12,18.0
14987,TMA 4,Tutor-marked,124,17,18.0
14988,TMA 5,Tutor-marked,159,22,18.0
14989,TMA 6,Tutor-marked,187,26,18.0
15003,CMA 1,Computer-marked,54,7,1.0
15004,CMA 2,Computer-marked,96,13,1.0
15005,CMA 3,Computer-marked,131,18,1.0
15006,CMA 4,Computer-marked,166,23,1.0
15007,CMA 5,Computer-marked,208,29,1.0
15002,Exam 1,Final exam,268,38,100.0
14996,TMA 1,Tutor-marked,19,2,5.0
14997,TMA 2,Tutor-marked,47,6,18.0
14998,TMA 3,Tutor-marked,96,13,18.0
14999,TMA 4,Tutor-marked,131,18,18.0
15000,TMA 5,Tutor-marked,166,23,18.0
15001,TMA 6,Tutor-marked,208,29,18.0
15015,CMA 1,Computer-marked,47,6,1.0
15016,CMA 2,Computer-marked,82,11,1.0
15017,CMA 3,Computer-marked,117,16,1.0
15018,CMA 4,Computer-marked,152,21,1.0
15019,CMA 5,Computer-marked,194,27,1.0
15014,Exam 1,Final exam,234,33,100.0
15008,TMA 1,Tutor-marked,12,1,5.0
15009,TMA 2,Tutor-marked,40,5,18.0
15010,TMA 3,Tutor-marked,82,11,18.0
15011,TMA 4,Tutor-marked,117,16,18.0
15012,TMA 5,Tutor-marked,152,21,18.0
15013,TMA 6,Tutor-marked,194,27,18.0
15025,Exam 1,Final exam,262,37,100.0
15020,TMA 1,Tutor-marked,19,2,0.0
15021,TMA 2,Tutor-marked,54,7,10.0
15022,TMA 3,Tutor-marked,110,15,20.0
15023,TMA 4,Tutor-marked,152,21,35.0
15024,TMA 5,Tutor-marked,201,28,35.0
24286,CMA 1,Computer-marked,18,2,2.0
24287,CMA 2,Computer-marked,67,9,7.0
24288,CMA 3,Computer-marked,137,19,8.0
24289,CMA 4,Computer-marked,207,29,8.0
24290,Exam 1,Final exam,241,34,100.0
40087,Exam 2,Final exam,241,34,100.0
24282,TMA 1,Tutor-marked,32,4,9.0
24283,TMA 2,Tutor-marked,102,14,22.0
24284,TMA 3,Tutor-marked,151,21,22.0
24285,TMA 4,Tutor-marked,200,28,22.0
24295,CMA 1,Computer-marked,18,2,2.0
24296,CMA 2,Computer-marked,67,9,7.0
24297,CMA 3,Computer-marked,144,20,8.0
24298,CMA 4,Computer-marked,214,30,8.0
24299,Exam 1,Final exam,269,38,100.0
40088,Exam 2,Final exam,269,38,100.0
24291,TMA 1,Tutor-marked,32,4,9.0
24292,TMA 2,Tutor-marked,109,15,22.0
24293,TMA 3,Tutor-marked,158,22,22.0
24294,TMA 4,Tutor-marked,207,29,22.0
25341,CMA 1,Computer-marked,23,3,2.0
25342,CMA 2,Computer-marked,51,7,3.0
25343,CMA 3,Computer-marked,79,11,3.0
25344,CMA 4,Computer-marked,114,16,4.0
25345,CMA 5,Computer-marked,149,21,4.0
25346,CMA 6,Computer-marked,170,24,3.0
25347,CMA 7,Computer-marked,206,29,6.0
25340,Exam 1,Final exam,240,34,100.0
25334,TMA 1,Tutor-marked,25,3,7.5
25335,TMA 2,Tutor-marked,53,7,10.0
25336,TMA 3,Tutor-marked,81,11,12.5
25337,TMA 4,Tutor-marked,116,16,15.0
25338,TMA 5,Tutor-marked,151,21,15.0
25339,TMA 6,Tutor-marked,200,28,15.0
25354,Exam 1,Final exam,261,37,100.0
25348,TMA 1,Tutor-marked,25,3,10.0
25349,TMA 2,Tutor-marked,53,7,12.5
25350,TMA 3,Tutor-marked,88,12,17.5
25351,TMA 4,Tutor-marked,123,17,20.0
25352,TMA 5,Tutor-marked,165,23,20.0
25353,TMA 6,Tutor-marked,207,29,20.0
25361,Exam 1,Final exam,241,34,100.0
25355,TMA 1,Tutor-marked,25,3,10.0
25356,TMA 2,Tutor-marked,53,7,12.5
25357,TMA 3,Tutor-marked,74,10,17.5
25358,TMA 4,Tutor-marked,116,16,20.0
25359,TMA 5,Tutor-marked,158,22,20.0
25360,TMA 6,Tutor-marked,200,28,20.0
25368,Exam 1,Final exam,262,37,100.0
25362,TMA 1,Tutor-marked,20,2,5.0
25363,TMA 2,Tutor-marked,41,5,10.0
25364,TMA 3,Tutor-marked,62,8,10.0
25365,TMA 4,Tutor-marked,111,15,25.0
25366,TMA 5,Tutor-marked,146,20,25.0
25367,TMA 6,Tutor-marked,195,27,25.0
30713,Exam 1,Final exam,235,33,100.0
30709,TMA 1,Tutor-marked,33,4,16.0
30710,TMA 2,Tutor-marked,68,9,28.0
30711,TMA 3,Tutor-marked,124,17,28.0
30712,TMA 4,Tutor-marked,159,22,28.0
30718,Exam 1,Final exam,228,32,100.0
30714,TMA 1,Tutor-marked,33,4,16.0
30715,TMA 2,Tutor-marked,68,9,28.0
30716,TMA 3,Tutor-marked,117,16,28.0
30717,TMA 4,Tutor-marked,152,21,28.0
30723,Exam 1,Final exam,235,33,100.0
30719,TMA 1,Tutor-marked,33,4,16.0
30720,TMA 2,Tutor-marked,68,9,28.0
30721,TMA 3,Tutor-marked,131,18,28.0
30722,TMA 4,Tutor-marked,166,23,28.0
34865,CMA 1,Computer-marked,222,31,0.0
34866,CMA 2,Computer-marked,222,31,0.0
34867,CMA 3,Computer-marked,222,31,0.0
34868,CMA 4,Computer-marked,222,31,0.0
34869,CMA 5,Computer-marked,222,31,0.0
34870,CMA 6,Computer-marked,222,31,0.0
34871,CMA 7,Computer-marked,222,31,0.0
34872,Exam 1,Final exam,222,31,100.0
34860,TMA 1,Tutor-marked,19,2,12.5
34861,TMA 2,Tutor-marked,47,6,12.5
34862,TMA 3,Tutor-marked,89,12,25.0
34863,TMA 4,Tutor-marked,131,18,25.0
34864,TMA 5,Tutor-marked,166,23,25.0
34878,CMA 1,Computer-marked,236,33,0.0
34879,CMA 2,Computer-marked,236,33,0.0
34880,CMA 3,Computer-marked,236,33,0.0
34881,CMA 4,Computer-marked,236,33,0.0
34882,CMA 5,Computer-marked,236,33,0.0
34883,CMA 6,Computer-marked,236,33,0.0
34884,CMA 7,Computer-marked,236,33,0.0
34885,Exam 1,Final exam,236,33,100.0
34873,TMA 1,Tutor-marked,19,2,12.5
34874,TMA 2,Tutor-marked,47,6,12.5
34875,TMA 3,Tutor-marked,96,13,25.0
34876,TMA 4,Tutor-marked,131,18,25.0
34877,TMA 5,Tutor-marked,173,24,25.0
34891,CMA 1,Computer-marked,227,32,0.0
34892,CMA 2,Computer-marked,227,32,0.0
34893,CMA 3,Computer-marked,227,32,0.0
34894,CMA 4,Computer-marked,227,32,0.0
34895,CMA 5,Computer-marked,227,32,0.0
34896,CMA 6,Computer-marked,227,32,0.0
34897,CMA 7,Computer-marked,227,32,0.0
34898,Exam 1,Final exam,227,32,100.0
34886,TMA 1,Tutor-marked,24,3,12.5
34887,TMA 2,Tutor-marked,52,7,12.5
34888,TMA 3,Tutor-marked,87,12,25.0
34889,TMA 4,Tutor-marked,129,18,25.0
34890,TMA 5,Tutor-marked,171,24,25.0
34904,CMA 1,Computer-marked,241,34,0.0
34905,CMA 2,Computer-marked,241,34,0.0
34906,CMA 3,Computer-marked,241,34,0.0
34907,CMA 4,Computer-marked,241,34,0.0
34908,CMA 5,Computer-marked,241,34,0.0
34909,CMA 6,Computer-marked,241,34,0.0
34910,CMA 7,Computer-marked,241,34,0.0
34911,Exam 1,Final exam,241,34,100.0
34899,TMA 1,Tutor-marked,24,3,12.5
34900,TMA 2,Tutor-marked,52,7,12.5
34901,TMA 3,Tutor-marked,94,13,25.0
34902,TMA 4,Tutor-marked,136,19,25.0
34903,TMA 5,Tutor-marked,199,28,25.0
37418,CMA 1,Computer-marked,229,32,0.0
37419,CMA 2,Computer-marked,229,32,0.0
37420,CMA 3,Computer-marked,229,32,0.0
37421,CMA 4,Computer-marked,229,32,0.0
37422,CMA 5,Computer-marked,229,32,0.0
37423,CMA 6,Computer-marked,229,32,0.0
37424,Exam 1,Final exam,229,32,100.0
37415,TMA 1,Tutor-marked,61,8,0.0
37416,TMA 2,Tutor-marked,124,17,0.0
37417,TMA 3,Tutor-marked,173,24,0.0
37428,CMA 1,Computer-marked,222,31,0.0
37429,CMA 2,Computer-marked,222,31,0.0
37430,CMA 3,Computer-marked,222,31,0.0
37431,CMA 4,Computer-marked,222,31,0.0
37432,CMA 5,Computer-marked,222,31,0.0
37433,CMA 6,Computer-marked,222,31,0.0
37434,Exam 1,Final exam,222,31,100.0
37425,TMA 1,Tutor-marked,61,8,0.0
37426,TMA 2,Tutor-marked,117,16,0.0
37427,TMA 3,Tutor-marked,166,23,0.0
37438,CMA 1,Computer-marked,229,32,0.0
37439,CMA 2,Computer-marked,229,32,0.0
37440,CMA 3,Computer-marked,229,32,0.0
37441,CMA 4,Computer-marked,229,32,0.0
37442,CMA 5,Computer-marked,229,32,0.0
37443,CMA 6,Computer-marked,229,32,0.0
37444,Exam 1,Final exam,229,32,100.0
37435,TMA 1,Tutor-marked,61,8,0.0
37436,TMA 2,Tutor-marked,124,17,0.0
37437,TMA 3,Tutor-marked,173,24,0.0
