CourseKey,CourseCode,ModuleCode,PresentationCode,Domain,LengthDays
1,AAA-2013J,AAA,2013J,Social Sciences,268
2,AAA-2014J,AAA,2014J,Social Sciences,269
3,BBB-2013B,BBB,2013B,Social Sciences,240
4,BBB-2013J,BBB,2013J,Social Sciences,268
5,BBB-2014B,BBB,2014B,Social Sciences,234
6,BBB-2014J,BBB,2014J,Social Sciences,262
7,CCC-2014B,CCC,2014B,STEM,241
8,CCC-2014J,CCC,2014J,STEM,269
9,DDD-2013B,DDD,2013B,STEM,240
10,DDD-2013J,DDD,2013J,STEM,261
11,DDD-2014B,DDD,2014B,STEM,241
12,DDD-2014J,DDD,2014J,STEM,262
13,EEE-2013J,EEE,2013J,STEM,268
14,EEE-2014B,EEE,2014B,STEM,241
15,EEE-2014J,EEE,2014J,STEM,269
16,FFF-2013B,FFF,2013B,STEM,240
17,FFF-2013J,FFF,2013J,STEM,268
18,FFF-2014B,FFF,2014B,STEM,241
19,FFF-2014J,FFF,2014J,STEM,269
20,GGG-2013J,GGG,2013J,Social Sciences,261
21,GGG-2014B,GGG,2014B,Social Sciences,241
22,GGG-2014J,GGG,2014J,Social Sciences,269
